{"parent":"minecraft:item/template_skull","overrides":[{"model":"bil:item/loosely_coupled/head","predicate":{"custom_model_data":2}},{"model":"bil:item/loosely_coupled/arm_r","predicate":{"custom_model_data":3}},{"model":"bil:item/loosely_coupled/arm_l","predicate":{"custom_model_data":4}},{"model":"bil:item/loosely_coupled/body","predicate":{"custom_model_data":5}},{"model":"bil:item/loosely_coupled/leg_r","predicate":{"custom_model_data":6}},{"model":"bil:item/loosely_coupled/leg_l","predicate":{"custom_model_data":7}},{"model":"bil:item/tightly_coupled/body","predicate":{"custom_model_data":8}},{"model":"bil:item/tightly_coupled/head","predicate":{"custom_model_data":9}},{"model":"bil:item/tightly_coupled/arm_r","predicate":{"custom_model_data":10}},{"model":"bil:item/tightly_coupled/arm_l","predicate":{"custom_model_data":11}},{"model":"bil:item/tightly_coupled/leg_r","predicate":{"custom_model_data":12}},{"model":"bil:item/tightly_coupled/leg_l","predicate":{"custom_model_data":13}},{"model":"bil:item/default/body","predicate":{"custom_model_data":14}},{"model":"bil:item/default/head","predicate":{"custom_model_data":15}},{"model":"bil:item/default/arm_r","predicate":{"custom_model_data":16}},{"model":"bil:item/default/arm_l","predicate":{"custom_model_data":17}},{"model":"bil:item/default/leg_l","predicate":{"custom_model_data":18}},{"model":"bil:item/default/leg_r","predicate":{"custom_model_data":19}}]}