{"player_head":{"bil:item/loosely_coupled/head":2,"bil:item/loosely_coupled/arm_r":3,"bil:item/loosely_coupled/arm_l":4,"bil:item/loosely_coupled/body":5,"bil:item/loosely_coupled/leg_r":6,"bil:item/loosely_coupled/leg_l":7,"bil:item/tightly_coupled/body":8,"bil:item/tightly_coupled/head":9,"bil:item/tightly_coupled/arm_r":10,"bil:item/tightly_coupled/arm_l":11,"bil:item/tightly_coupled/leg_r":12,"bil:item/tightly_coupled/leg_l":13,"bil:item/default/body":14,"bil:item/default/head":15,"bil:item/default/arm_r":16,"bil:item/default/arm_l":17,"bil:item/default/leg_l":18,"bil:item/default/leg_r":19}}