{
  "credit": "Made by Spryzeen",
  "textures": {
    "2": "custom_model_data_guide_assets:item/soul_lantern_inside",
    "particle": "custom_model_data_guide_assets:item/soul_lantern",
    "lantern": "custom_model_data_guide_assets:item/soul_lantern"
  },
  "elements": [
    {
      "from": [6, 7, 6],
      "to": [10, 9, 10],
      "faces": {
        "north": { "uv": [1, 0, 5, 2], "texture": "#lantern" },
        "east": { "uv": [1, 0, 5, 2], "texture": "#lantern" },
        "south": { "uv": [1, 0, 5, 2], "texture": "#lantern" },
        "west": { "uv": [1, 0, 5, 2], "texture": "#lantern" },
        "up": { "uv": [1, 10, 5, 14], "texture": "#lantern" },
        "down": { "uv": [1, 10, 5, 14], "texture": "#lantern" }
      }
    },
    {
      "from": [6.5, 9, 8],
      "to": [9.5, 11, 8],
      "shade": false,
      "rotation": { "angle": 45, "axis": "y", "origin": [8, 8, 8] },
      "faces": {
        "north": { "uv": [14, 1, 11, 3], "texture": "#lantern" },
        "south": { "uv": [11, 1, 14, 3], "texture": "#lantern" }
      }
    },
    {
      "from": [8, 9, 6.5],
      "to": [8, 11, 9.5],
      "shade": false,
      "rotation": { "angle": 45, "axis": "y", "origin": [8, 8, 8] },
      "faces": {
        "east": { "uv": [11, 10, 14, 12], "texture": "#lantern" },
        "west": { "uv": [14, 10, 11, 12], "texture": "#lantern" }
      }
    },
    {
      "from": [5, 1, 5],
      "to": [6, 6, 6],
      "faces": {
        "north": { "uv": [5, 3, 6, 8], "texture": "#lantern" },
        "east": { "uv": [5, 3, 6, 8], "texture": "#lantern" },
        "south": { "uv": [5, 3, 6, 8], "texture": "#lantern" },
        "west": { "uv": [0, 3, 1, 8], "texture": "#lantern" }
      }
    },
    {
      "from": [5, 1, 10],
      "to": [6, 6, 11],
      "faces": {
        "north": { "uv": [5, 3, 6, 8], "texture": "#lantern" },
        "east": { "uv": [5, 3, 6, 8], "texture": "#lantern" },
        "south": { "uv": [5, 3, 6, 8], "texture": "#lantern" },
        "west": { "uv": [5, 3, 6, 8], "texture": "#lantern" }
      }
    },
    {
      "from": [10, 1, 10],
      "to": [11, 6, 11],
      "faces": {
        "north": { "uv": [5, 3, 6, 8], "texture": "#lantern" },
        "east": { "uv": [5, 3, 6, 8], "texture": "#lantern" },
        "south": { "uv": [5, 3, 6, 8], "texture": "#lantern" },
        "west": { "uv": [5, 3, 6, 8], "texture": "#lantern" },
        "up": { "uv": [0, 0, 1, 1], "texture": "#missing" },
        "down": { "uv": [0, 0, 1, 1], "texture": "#missing" }
      }
    },
    {
      "from": [10, 1, 5],
      "to": [11, 6, 6],
      "faces": {
        "north": { "uv": [0, 3, 1, 8], "texture": "#lantern" },
        "east": { "uv": [5, 3, 6, 8], "texture": "#lantern" },
        "south": { "uv": [5, 3, 6, 8], "texture": "#lantern" },
        "west": { "uv": [5, 3, 6, 8], "texture": "#lantern" }
      }
    },
    {
      "from": [6, 1, 9.8],
      "to": [9.8, 6, 9.8],
      "rotation": { "angle": 0, "axis": "y", "origin": [8, 1, 8] },
      "faces": {
        "north": { "uv": [11, 1, 7, 6], "texture": "#2" },
        "east": { "uv": [0, 0, 0, 5], "texture": "#lantern" },
        "south": { "uv": [7, 1, 11, 6], "texture": "#2" },
        "west": { "uv": [0, 0, 0, 5], "texture": "#missing" },
        "up": { "uv": [0, 0, 0, 3.8], "rotation": 270, "texture": "#missing" },
        "down": { "uv": [0, 0, 0, 3.8], "rotation": 90, "texture": "#missing" }
      }
    },
    {
      "from": [6.2, 1, 6.2],
      "to": [10, 6, 6.2],
      "rotation": { "angle": 0, "axis": "y", "origin": [8, 1, 8] },
      "faces": {
        "north": { "uv": [10, 8, 14, 13], "texture": "#2" },
        "east": { "uv": [0, 0, 0, 5], "texture": "#missing" },
        "south": { "uv": [14, 8, 10, 13], "texture": "#2" },
        "west": { "uv": [0, 0, 0, 5], "texture": "#lantern" },
        "up": { "uv": [0, 0, 0, 3.8], "rotation": 90, "texture": "#missing" },
        "down": { "uv": [0, 0, 0, 3.8], "rotation": 270, "texture": "#missing" }
      }
    },
    {
      "from": [9.8, 1, 6.2],
      "to": [9.8, 6, 10],
      "rotation": { "angle": 0, "axis": "y", "origin": [8, 1, 8] },
      "faces": {
        "north": { "uv": [0, 0, 0, 5], "texture": "#lantern" },
        "east": { "uv": [4, 8, 8, 13], "texture": "#2" },
        "south": { "uv": [0, 0, 0, 5], "texture": "#missing" },
        "west": { "uv": [8, 8, 4, 13], "texture": "#2" },
        "up": { "uv": [0, 0, 0, 3.8], "rotation": 180, "texture": "#missing" },
        "down": { "uv": [0, 0, 0, 3.8], "rotation": 180, "texture": "#missing" }
      }
    },
    {
      "from": [6.2, 1, 6],
      "to": [6.2, 6, 9.8],
      "faces": {
        "north": { "uv": [0, 0, 0, 5], "texture": "#missing" },
        "east": { "uv": [5, 1, 1, 6], "texture": "#2" },
        "south": { "uv": [0, 0, 0, 5], "texture": "#lantern" },
        "west": { "uv": [1, 1, 5, 6], "texture": "#2" },
        "up": { "uv": [0, 0, 0, 3.8], "texture": "#missing" },
        "down": { "uv": [0, 0, 0, 3.8], "texture": "#missing" }
      }
    },
    {
      "from": [6, 1, 5],
      "to": [10, 6, 5],
      "faces": {
        "north": { "uv": [1, 3, 5, 8], "texture": "#lantern" },
        "east": { "uv": [0, 0, 0, 5], "texture": "#missing" },
        "west": { "uv": [0, 0, 0, 5], "texture": "#missing" },
        "up": { "uv": [0, 0, 4, 0], "texture": "#missing" },
        "down": { "uv": [0, 0, 4, 0], "texture": "#missing" }
      }
    },
    {
      "from": [11, 1, 6],
      "to": [11, 6, 10],
      "rotation": { "angle": 0, "axis": "y", "origin": [8, 1, 8] },
      "faces": {
        "north": { "uv": [0, 0, 0, 5], "texture": "#missing" },
        "east": { "uv": [1, 3, 5, 8], "texture": "#lantern" },
        "south": { "uv": [0, 0, 0, 5], "texture": "#missing" },
        "up": { "uv": [0, 0, 4, 0], "rotation": 90, "texture": "#missing" },
        "down": { "uv": [0, 0, 4, 0], "rotation": 270, "texture": "#missing" }
      }
    },
    {
      "from": [5, 1, 6],
      "to": [5, 6, 10],
      "rotation": { "angle": 0, "axis": "y", "origin": [8, 1, 8] },
      "faces": {
        "north": { "uv": [0, 0, 0, 5], "texture": "#missing" },
        "south": { "uv": [0, 0, 0, 5], "texture": "#missing" },
        "west": { "uv": [1, 3, 5, 8], "texture": "#lantern" },
        "up": { "uv": [0, 0, 4, 0], "rotation": 90, "texture": "#missing" },
        "down": { "uv": [0, 0, 4, 0], "rotation": 270, "texture": "#missing" }
      }
    },
    {
      "from": [6, 1, 11],
      "to": [10, 6, 11],
      "faces": {
        "east": { "uv": [0, 0, 0, 5], "texture": "#missing" },
        "south": { "uv": [1, 3, 5, 8], "texture": "#lantern" },
        "west": { "uv": [0, 0, 0, 5], "texture": "#missing" },
        "up": { "uv": [0, 0, 4, 0], "texture": "#missing" },
        "down": { "uv": [0, 0, 4, 0], "texture": "#missing" }
      }
    },
    {
      "from": [5, 6, 5],
      "to": [11, 7, 11],
      "faces": {
        "north": { "uv": [0, 2, 6, 3], "texture": "#lantern" },
        "east": { "uv": [0, 2, 6, 3], "texture": "#lantern" },
        "south": { "uv": [0, 2, 6, 3], "texture": "#lantern" },
        "west": { "uv": [0, 2, 6, 3], "texture": "#lantern" },
        "up": { "uv": [0, 9, 6, 15], "texture": "#lantern" },
        "down": { "uv": [0, 9, 6, 15], "texture": "#lantern" }
      }
    },
    {
      "from": [5, 0, 5],
      "to": [11, 1, 11],
      "faces": {
        "north": { "uv": [0, 2, 6, 3], "texture": "#lantern" },
        "east": { "uv": [0, 2, 6, 3], "texture": "#lantern" },
        "south": { "uv": [0, 2, 6, 3], "texture": "#lantern" },
        "west": { "uv": [0, 2, 6, 3], "texture": "#lantern" },
        "up": { "uv": [0, 9, 6, 15], "texture": "#lantern" },
        "down": { "uv": [0, 9, 6, 15], "texture": "#lantern" }
      }
    }
  ],
  "display": {
    "thirdperson_righthand": {
      "rotation": [72.5, 0, 0],
      "translation": [0, -2, -2]
    },
    "gui": {
      "rotation": [30, 30, 0],
      "translation": [0, 3.5, 0]
    },
    "fixed": {
      "translation": [0, 2.75, 0]
    },
    "ground": {
      "translation": [0, 5, 0],
      "scale": [0.8, 0.8, 0.8]
    }
  },
  "groups": [
    0,
    1,
    2,
    3,
    4,
    5,
    6,
    {
      "name": "inside",
      "origin": [8, 8, 8],
      "color": 0,
      "children": [7, 8, 9, 10]
    },
    {
      "name": "glass",
      "origin": [8, 8, 8],
      "color": 0,
      "children": [11, 12, 13, 14]
    },
    15,
    16
  ]
}
